{"cameraMode":{"drawMode":0,"name":"Shaded","section":"Shading Mode"},"sceneLighting":false,"audioPlay":false,"sceneViewState":{"m_AlwaysRefresh":false,"showFog":true,"showSkybox":true,"showFlares":true,"showImageEffects":true,"showParticleSystems":true,"showVisualEffectGraphs":true,"m_FxEnabled":true},"in2DMode":false,"pivot":{"x":0.02219182439148426,"y":0.9663676619529724,"z":-0.49589112401008608},"rotation":{"x":-0.002190147992223501,"y":0.6833887100219727,"z":0.0020501723047345878,"w":0.730049192905426},"size":1.9654829502105713,"orthographic":false}