{"cameraMode":{"drawMode":0,"name":"Shaded","section":"Shading Mode"},"sceneLighting":false,"audioPlay":false,"sceneViewState":{"m_AlwaysRefresh":false,"showFog":true,"showSkybox":true,"showFlares":true,"showImageEffects":true,"showParticleSystems":true,"showVisualEffectGraphs":true,"m_FxEnabled":true},"in2DMode":false,"pivot":{"x":0.48155835270881655,"y":0.8371469378471375,"z":-0.1638554334640503},"rotation":{"x":0.043298400938510898,"y":0.09277823567390442,"z":-0.004038415849208832,"w":0.9947373867034912},"size":1.0586236715316773,"orthographic":false}