{"cameraMode":{"drawMode":0,"name":"Shaded","section":"Shading Mode"},"sceneLighting":false,"audioPlay":false,"sceneViewState":{"m_AlwaysRefresh":false,"showFog":true,"showSkybox":true,"showFlares":true,"showImageEffects":true,"showParticleSystems":true,"showVisualEffectGraphs":true,"m_FxEnabled":true},"in2DMode":false,"pivot":{"x":0.0058557987213134769,"y":1.3317406177520753,"z":-0.2897372841835022},"rotation":{"x":4.362147087988433e-9,"y":0.6942653059959412,"z":-2.7551319004004428e-9,"w":0.7197197675704956},"size":1.8922594785690308,"orthographic":false}