{"cameraMode":{"drawMode":0,"name":"Shaded","section":"Shading Mode"},"sceneLighting":false,"audioPlay":false,"sceneViewState":{"m_AlwaysRefresh":false,"showFog":true,"showSkybox":true,"showFlares":true,"showImageEffects":true,"showParticleSystems":true,"showVisualEffectGraphs":true,"m_FxEnabled":true},"in2DMode":false,"pivot":{"x":0.033911462873220447,"y":0.5903762578964233,"z":0.08124707639217377},"rotation":{"x":0.04647304117679596,"y":-0.020975735038518907,"z":0.0009760608663782477,"w":0.9986996054649353},"size":0.5360391139984131,"orthographic":false}