{"cameraMode":{"drawMode":0,"name":"Shaded","section":"Shading Mode"},"sceneLighting":false,"audioPlay":false,"sceneViewState":{"m_AlwaysRefresh":false,"showFog":true,"showSkybox":true,"showFlares":true,"showImageEffects":true,"showParticleSystems":true,"showVisualEffectGraphs":true,"m_FxEnabled":true},"in2DMode":false,"pivot":{"x":-0.3298051357269287,"y":0.5836644768714905,"z":0.06533543020486832},"rotation":{"x":0.04647304117679596,"y":-0.020975735038518907,"z":0.0009760608663782477,"w":0.9986996054649353},"size":1.0567951202392579,"orthographic":false}